0.5244336967602403,0.26850949397918333,-1.0307988965821262,-0.6037494337274671,0.18856114122522924,0,2.9495882486385723-1.1303087763431644*^-16*I,3.0526668165186526-1.7414975994406066*^-16*I,2.4587504268980727-1.6291578756908741*^-16*I,2.0703402028015803-3.1401649845148467*^-17*I,2.5828284004466546-4.2184836469250337*^-17*I,2.8117960495019982-6.886554254330195*^-17*I,0.2758192040473777+9.640119125577783*^-18*I,0.26974569330836556+5.1519610043107026*^-17*I,-0.13921668983029753-2.7119620799532866*^-17*I,-0.3564442780964989-2.0790092391180416*^-16*I,-1.0169800563674098-1.8903285571184736*^-16*I,-0.6281098269592473-1.1081235020651129*^-16*I
0.5968942095625658-9.042522619795094*^-32*I,0.2376155401396515+7.923650656357566*^-31*I,-0.9880185523368279+1.0417748301438268*^-31*I,-0.6473301502750894-5.343288329784213*^-31*I,0.13269730858005277+4.264477996261135*^-31*I,0.06877010644661584-2.953303455284513*^-31*I,2.8907122442772484+1.0036496545216229*^-31*I,3.0235581750331297+3.885867528090936*^-32*I,2.4270525954034365+6.397244499318344*^-33*I,2.013462667567125-2.6057550028915104*^-31*I,2.3987340169500584+1.3839663226199978*^-30*I,2.7047442300431777+2.006709210879133*^-31*I,0.2625703708513255-8.930306843392928*^-32*I,0.32305078212271765-3.5309641691753116*^-31*I,-0.06377541757683797-6.607030156582759*^-31*I,-0.29396659552107385-1.0900344303946252*^-30*I,-1.0024444265717314-1.1498367415873414*^-30*I,-0.6736990017175352-3.469170003376278*^-31*I
0.6536083172501034-1.1798470454135113*^-45*I,0.2061029983147102+9.120107053690349*^-45*I,-0.944920046730442-1.327632141004742*^-45*I,-0.6893169655873987-4.430801757611261*^-45*I,0.08311861500897663+4.8435395432250544*^-45*I,0.1378357199168232-3.068788507758248*^-45*I,2.849811577270108+1.3478679767204387*^-45*I,2.9999504895445983+1.161330716169273*^-45*I,2.393148644365985+1.4971502590497812*^-45*I,1.9598068189831377-1.125214273071026*^-45*I,2.2490641218514864+1.801102637101603*^-44*I,2.624449453833231+2.9875621024078825*^-45*I,0.25186384821700564-1.5122859376742646*^-45*I,0.3782999783313516-5.221777344603901*^-45*I,0.010247869013706123-8.206417770647577*^-45*I,-0.2379577515043757-1.158067070000897*^-44*I,-0.9841282021167641-1.5187250287755832*^-44*I,-0.7132500639235712-3.676796582922716*^-45*I
0.6933874398005572-3.468479264980792*^-60*I,0.18035028825853253+1.9900337661042682*^-59*I,-0.9062003024877355-9.753523894036371*^-60*I,-0.7264792263083029-3.4388809868442744*^-60*I,0.04192151678226599+1.025269743344094*^-59*I,0.2031234377670824-5.977825772050497*^-60*I,2.8270456035509537+5.27612675782172*^-60*I,2.9830076650101325+6.10518062339312*^-60*I,2.360675343257562+7.734998090856379*^-60*I,1.9136115124607722+2.506657184242211*^-60*I,2.1378636257778036+3.030802316072825*^-59*I,2.572316823683586+8.077547136446759*^-60*I,0.24228342065381997-5.49544455073132*^-60*I,0.4280326642185514-1.462484272939667*^-59*I,0.07413420511007776-1.8958536317238928*^-59*I,-0.194221734802211-2.2279139918769034*^-59*I,-0.9685092254894476-3.119778308110777*^-59*I,-0.7477120369523914-7.912639651469532*^-60*I
0.721097576921981-2.5721856050698437*^-76*I,0.16290243054494163+9.617795433267783*^-76*I,-0.8718612859658544-9.800261771931331*^-76*I,-0.7593757091677968+4.368174213299739*^-76*I,0.009419302859903207+5.071069990065663*^-76*I,0.2598556341815994-3.052442021247425*^-76*I,2.8152481371266194+4.644924040381198*^-76*I,2.969554477908765+6.038835854605767*^-76*I,2.3304010543285383+7.345161111655863*^-76*I,1.8747759772152346+5.0066927405505827*^-76*I,2.05515694568688+1.3210354447276566*^-75*I,2.539160208535476+5.234251354254185*^-76*I,0.23443198294966822-4.410393739400263*^-76*I,0.4692484714670854-9.994483320188953*^-76*I,0.12379268462869591-1.0308157854453948*^-75*I,-0.16491914604076083-8.559985567559993*^-76*I,-0.959483182699379-1.0416970468299745*^-75*I,-0.7778245267624452-3.2140968875279056*^-76*I
0.7436088720252056+5.680244191025722*^-84*I,0.15324743728278212-2.832833990514935*^-84*I,-0.8385208382937968+2.0261987767608585*^-84*I,-0.7906815168580896-5.015583300446905*^-84*I,-0.014915784946195597-2.0562705838157673*^-84*I,0.3035723019961896-1.3600786389096645*^-84*I,2.804247574800136-7.644122677304757*^-84*I,2.9543183430830773-5.013534420722261*^-84*I,2.300935902185622-1.3686345931905952*^-84*I,1.840530848334655-1.5366963919389337*^-84*I,1.98674407154873-8.605472032076793*^-84*I,2.5116476123433147-9.067362310757553*^-84*I,0.23026510961654842+2.3301919344684144*^-84*I,0.5023123083785253+2.8886810703229687*^-84*I,0.15873075665141842+3.031677935520848*^-84*I,-0.1494396210147192+1.416014691332608*^-84*I,-0.9576419316402446+2.8699779569575*^-85*I,-0.8036437402331829+8.378844926558198*^-85*I
0.7666638749660188-8.959958314484965*^-94*I,0.1500261218074255+4.686906983669413*^-94*I,-0.8021542707971416-4.6637779099520086*^-94*I,-0.8229856756737454+7.357337951144003*^-94*I,-0.031520227595339026-7.851570533530226*^-95*I,0.33040769820425653-3.544991757533808*^-94*I,2.784759208605896+9.145960831715978*^-94*I,2.932413713126103+8.887829055419078*^-94*I,2.2704988376270685+7.584878370048821*^-94*I,1.8078221747230754+8.353171872192198*^-94*I,1.9206782301094838+1.4304348157035042*^-93*I,2.477531459266971+1.4237677536187952*^-93*I,0.23174019407796248-3.3011484534999935*^-94*I,0.5285254401991599-3.8858334542455117*^-94*I,0.1796984108909876-3.0307024293535*^-94*I,-0.14632182029806873-3.795158079257232*^-94*I,-0.961758577708172-7.446688035740212*^-94*I,-0.8249284604410063-5.222884466066691*^-94*I
0.7937078295065713+4.0080322354360485*^-105*I,0.1524016046821095-2.3910031104309813*^-104*I,-0.7595800748102185-9.731171506568768*^-107*I,-0.8576868757897761+8.661919665989767*^-104*I,-0.0404184927197776-9.713990649263539*^-105*I,0.33712951037163846+4.6270160972839703*^-104*I,2.750026078272985+2.9765809100637146*^-104*I,2.9004724454475994+2.0131726855486494*^-104*I,2.237946266438452-6.4749392426456074*^-105*I,1.7745326912684616-1.9029526859487966*^-104*I,1.8490417020561223-7.172165360784583*^-104*I,2.4277091200999115+2.579985500365263*^-104*I,0.24017066149294877-2.2027635070810712*^-104*I,0.548780634539393+2.5263127571689147*^-105*I,0.1872845031830417+2.662551726820445*^-104*I,-0.154535649679912+5.222143291161366*^-104*I,-0.970221151083546+8.223430851986662*^-104*I,-0.8414375609918899-4.683258609123451*^-105*I
0.8254092695442397-1.2582078359750971*^-113*I,0.1606316865141882+1.4773880740193184*^-113*I,-0.7091644094117131-2.656151491095804*^-113*I,-0.8945780819109124+1.8523324102811774*^-113*I,-0.041238902496825124+6.254989007310503*^-114*I,0.32140663321194274-1.1757860540498694*^-113*I,2.6966538044068957+1.646698702671267*^-113*I,2.8572399697460877+1.8303248493304403*^-113*I,2.203277549743867+2.1514787343426524*^-113*I,1.7399791118354693+2.1346474812221918*^-113*I,1.768280197694621+4.558524392820598*^-114*I,2.357325610589708+1.4284571505013078*^-113*I,0.25598865347971844-1.330041082096678*^-113*I,0.5630439100388557-2.2348231407373576*^-113*I,0.18137516926721176-1.689414269708163*^-113*I,-0.17403579271087927-7.606213525613614*^-114*I,-0.9819401094644787-6.558375379219408*^-114*I,-0.8530542802071012-7.054817140573702*^-114*I
0.8590601789453101+3.482031590461445*^-123*I,0.17649910995460236+5.802686064190336*^-123*I,-0.6521019989414234-5.462562621197421*^-123*I,-0.9314954363002124-1.562952674054252*^-122*I,-0.03313188066772856+3.6905534174993227*^-124*I,0.28226843207410934+7.623430333514346*^-123*I,2.6261689093534883+1.6734779830928606*^-123*I,2.804725543695448-1.596667063622238*^-123*I,2.1683708515507956-2.0919837243311147*^-123*I,1.7055523944383912-1.4007930415577527*^-123*I,1.6803200174100403-1.4172786967583783*^-122*I,2.267851599956445-2.0242050370580297*^-123*I,0.2782413229404482-4.2851292542158035*^-123*I,0.569771341218546-5.193958523410525*^-123*I,0.16080093516924285-4.540405844421994*^-123*I,-0.2059969871587968-4.244503306515209*^-123*I,-0.9971008742011973-8.841984456747586*^-123*I,-0.8600261731020753-5.752515545007639*^-123*I
0.8875110286491534+5.236005374566591*^-141*I,0.20437495029843697+7.120088194723469*^-141*I,-0.5957612391683653+1.117498717072161*^-140*I,-0.9634347514823726-1.6900384239678628*^-141*I,-0.01408987412652798-2.017699343325529*^-142*I,0.2205459367285642-5.963174467756438*^-141*I,2.5489217753046143-1.8831053030856548*^-140*I,2.7510685232176653-2.6128705975291806*^-140*I,2.1387887616678936-1.0423164926818453*^-140*I,1.6763530943797078-3.949168967741522*^-141*I,1.5959650890157968-2.2455614255960558*^-141*I,2.1719088197472307-1.6134016862088965*^-140*I,0.30312247499724676-4.2990730302866726*^-141*I,0.5642111361733031-6.42380373588069*^-141*I,0.12233575440710265-9.920321736632265*^-141*I,-0.2532995497607915-4.1321493522257816*^-141*I,-1.0183617673027032-1.5396169158190185*^-141*I,-0.8637764130000455+2.4723323725797077*^-141*I
0.896358672587308-2.8534872163078384*^-155*I,0.25432296225370316+3.065810466679652*^-155*I,-0.5609338496341829+2.786327838778428*^-156*I,-0.979732211007+1.5771752525256953*^-155*I,0.02117884268686055+2.1170376750833187*^-155*I,0.13942705740524902+1.2046127959982997*^-155*I,2.4936975340925303+2.8961981716684558*^-155*I,2.717218861529957+1.3612873917318171*^-155*I,2.1278925462919878-9.603268235524572*^-156*I,1.6649772683373016-7.374432810924457*^-157*I,1.5434218076915718+5.501398477565863*^-156*I,2.104679723470421+5.923398131082845*^-155*I,0.32042625091879035-9.2255124004247*^-156*I,0.5336277720263836-2.0750887161526304*^-155*I,0.05741666987786081-4.030236036527796*^-155*I,-0.3223237989846469-2.5337400082718014*^-155*I,-1.0534263051234471-1.947427067979548*^-155*I,-0.8690707488192932-1.0227515651846796*^-155*I
0.8554143292990039-1.1249473752987296*^-165*I,0.3472644318930721+9.263651315402335*^-166*I,-0.5875858845417516-7.4539061727536*^-166*I,-0.9577769956576535+6.722373962257533*^-166*I,0.08510766699970083+5.674363983361704*^-166*I,0.046411154566854775-3.1440827274391865*^-166*I,2.5229986536950544+1.496116607010557*^-165*I,2.745697228321441+1.3171485558778965*^-165*I,2.160934698257473+6.93841130666305*^-166*I,1.6946897639434848+5.3933294069595246*^-166*I,1.5830696730398592+1.0400750336103477*^-165*I,2.1441024299743296+1.8218057373382516*^-165*I,0.30802454813065067-5.3394676290425925*^-166*I,0.44881674276531974-1.1814441736863227*^-165*I,-0.0545654049270016-1.0385171258842275*^-165*I,-0.4261132610648545-7.4220540676408*^-166*I,-1.1178641016772926-8.105740148621884*^-166*I,-0.8869184093652579-4.465393828584691*^-166*I
0.7206100528719821-4.718231532903701*^-174*I,0.4974554776528147+2.5958421157548292*^-174*I,-0.6838170614125696-1.8368942167710444*^-174*I,-0.8779180550720215+2.0204998360500866*^-174*I,0.19082764405565145+2.3493506575462647*^-174*I,-0.04357648276011132-1.031098108691666*^-174*I,2.6970321730961766+5.5459398913752695*^-174*I,2.8693937627836634+3.796706412882813*^-174*I,2.2472883166714372+2.1458940486784164*^-174*I,1.7696419445739706+1.6519578673953814*^-174*I,1.7812759709752664+6.197275057455248*^-174*I,2.3800075312002296+7.898748472332849*^-174*I,0.24674995751987897-1.5145120151437198*^-174*I,0.2849816901401984-3.4858062676278025*^-174*I,-0.23348240802032025-3.307049367586954*^-174*I,-0.5736863524290102-2.197730784269903*^-174*I,-1.2207406446724784-2.4114186720922236*^-174*I,-0.9236687085511567-4.4348880058033217*^-175*I
0.502200100039239+2.1991969895444384*^-184*I,0.6608381507331239-1.431392687630436*^-184*I,-0.7568752295976114+6.493293284179726*^-185*I,-0.7825107648346024-2.9527269555664326*^-185*I,0.3273009746571232-1.0109994132710398*^-184*I,-0.122144822540436+8.76844700698256*^-185*I,2.9660805280037925-2.4230192556755877*^-184*I,3.0453942099525206-1.6162519460293012*^-184*I,2.3369603454534715-1.0428637881757328*^-184*I,1.8311518237168423-8.034635382209307*^-185*I,2.135016470773315+8.531902390608472*^-184*I,2.7755551048638756-3.578071751377217*^-184*I,0.16958574933377152+5.040271269386084*^-185*I,0.0937424559234886+1.43643040761576*^-184*I,-0.4437171310348064+1.6806777511953292*^-184*I,-0.7403558357516972+1.7085695417842819*^-184*I,-1.3388820568061643+2.226672210430783*^-184*I,-0.9551650489502977+5.316668532365907*^-185*I
0.2680889211068842+2.924369043253043*^-198*I,0.7812269815039907-1.2051372293993388*^-198*I,-0.7520399648771702-2.4588215335259353*^-199*I,-0.7218002626767915-1.0628453860810551*^-199*I,0.4689794599981965-1.1736832227849284*^-198*I,-0.19860750278881745+1.3398513943956105*^-198*I,3.244507937372054-3.123521347870047*^-198*I,3.221657206578456-1.9007230401634625*^-198*I,2.393846332885498-1.0143446790561848*^-198*I,1.8362862411289034-3.8114558788069416*^-199*I,2.7542816146336744+1.8260808563839092*^-197*I,3.207775221309698-5.205294453835738*^-198*I,0.1218509635003567+1.5926119673854894*^-199*I,-0.05270663744566011+1.1293249505061995*^-198*I,-0.6258622754507034+1.7002072668836264*^-198*I,-0.890207674821827+2.0371480492551027*^-198*I,-1.4375863527814132+4.9359127952335535*^-198*I,-0.9545974192845765+1.8006922685194989*^-199*I
0.07265560321818335-1.5883412392867178*^-206*I,0.8451422665524947-7.792652741414356*^-208*I,-0.6970899794252541+7.0032718744856*^-207*I,-0.6976086734428033-1.4364675579180224*^-207*I,0.5913174594618755+2.3092762565830527*^-207*I,-0.27715018248924056-1.6082241691504513*^-206*I,3.479872964380722+1.80086081347952*^-206*I,3.3698581602092683+6.224085238958296*^-207*I,2.421687629056781+5.823187515076693*^-207*I,1.7935441659007894+6.403899370452278*^-208*I,3.79298975642262+3.2618799807154068*^-205*I,3.5718785299009377+3.499218795284507*^-206*I,0.11071937103735979+7.257580636412724*^-207*I,-0.13301126835744556+3.850202572425536*^-207*I,-0.7526344669228497-2.0910464131151735*^-207*I,-1.0030549948099325-1.1415011883851209*^-206*I,-1.4585531905506244-2.6319774389718464*^-206*I,-0.9224341003462548+6.2012578661426576*^-207*I
-0.068336837386872+1.53265774618433*^-219*I,0.8686668862155625-3.58860492344*^-220*I,-0.6330696933701433-5.625643261713641*^-220*I,-0.6936618664265314+9.635388935037642*^-221*I,0.6821757325116301-5.418200454678308*^-220*I,-0.3489019942140566+1.03490887545341*^-219*I,3.653275026855755-1.6453470861486292*^-219*I,3.480421268211074-9.092248109857054*^-220*I,2.434939562497758-4.600808256201948*^-220*I,1.7308897449137006+2.065634522537239*^-220*I,4.402219675532172-2.3265034120795287*^-218*I,3.8273923975259727-2.7825452896115196*^-219*I,0.120094181821555-2.006787887272196*^-220*I,-0.16317769165896592+2.18239086542235*^-220*I,-0.8296959426046384+6.812839341695297*^-220*I,-1.0780850530892916+1.0809202414389369*^-219*I,-1.4108206339159957+2.1029672588804968*^-219*I,-0.8774680590523527-1.3096375122733064*^-220*I
-0.16614712665674847-7.863119447231814*^-230*I,0.8729186858090598+1.961044845902122*^-231*I,-0.578255772009499+3.186581870972812*^-230*I,-0.6978650777624598-8.569616649632948*^-231*I,0.7442252969921614+1.0356811559895483*^-230*I,-0.4010230123481128-8.421978931522187*^-230*I,3.7728323816092457+8.537325820426238*^-230*I,3.563317204182029+2.894758354814106*^-230*I,2.44470812645845+3.072777854074147*^-230*I,1.6659021866857047+4.9908351385537*^-231*I,4.641684926114249+1.0819228434459492*^-229*I,3.990140386636631+1.5133767351432825*^-229*I,0.1324640426181851+3.2417678761778236*^-230*I,-0.16909341148896503+1.6678314455892514*^-230*I,-0.8782968480546121-1.3042571147891067*^-230*I,-1.1260929639009292-6.215772051905935*^-230*I,-1.3617189452813632-9.513164814882302*^-230*I,-0.8365793664264328+2.240406862219096*^-230*I
-0.23571062139942914-6.359826803025881*^-246*I,0.8722508304647152+3.9646735983060025*^-246*I,-0.5340092711095892+3.5414981414344897*^-246*I,-0.7042027160131158-5.407456697831143*^-247*I,0.7844176684004028+6.017141725833772*^-246*I,-0.4233855576218163+5.733746081639293*^-247*I,3.852991586469642+6.585054740113199*^-246*I,3.633481453127084+7.405162942119091*^-246*I,2.456187249332699-6.410974448346729*^-247*I,1.6000427897080303-9.332694756696985*^-246*I,4.758450779296024+1.748661142202218*^-244*I,4.08720258236843+8.950393823718994*^-246*I,0.13717057349192538-2.341051890362297*^-246*I,-0.17042361212293367-4.724401876252214*^-246*I,-0.9182201832457642-6.765051372130759*^-246*I,-1.1573406109076434-2.7885669167834784*^-246*I,-1.3263550289415527-5.044580281817335*^-246*I,-0.8079023234711735-1.91249422244532*^-246*I
-0.2864293727795984+2.02241124416567*^-263*I,0.873823340147013-4.0001246945661115*^-264*I,-0.4976162157449841-1.8384456827749875*^-263*I,-0.7101741375858253+9.041759318862507*^-264*I,0.8082364758217581-8.611756760419093*^-264*I,-0.4112383573623986+3.273934326524082*^-263*I,3.9045945430851896-2.84659202654857*^-263*I,3.7009854383742-1.043140838152046*^-263*I,2.47097206687248-1.3877743508416657*^-263*I,1.5298239471632191+6.722734744887901*^-263*I,4.8272018305489945+1.4082992651857354*^-262*I,4.137644713186052-4.986700873728102*^-263*I,0.129770055032308-7.600347464071887*^-264*I,-0.17717184551335316-3.938710089477822*^-264*I,-0.9613346977343128+7.034557015025497*^-264*I,-1.1770565091955953+3.002866973825658*^-263*I,-1.3051769616745275+1.581140728836154*^-263*I,-0.7940123322575459-4.499535505109307*^-264*I
-0.3214127844325162+9.370137438208004*^-272*I,0.8795434130279138+1.2614683661259969*^-271*I,-0.46858054982436964-7.279106362910412*^-272*I,-0.7156971516872372-1.385434374964392*^-271*I,0.8190577937446296+6.911667961118921*^-272*I,-0.3662017327331864+9.474669752336914*^-272*I,3.9335122193007606-1.0533404489320923*^-271*I,3.7683091548382457-7.91651105991165*^-273*I,2.4890815713557557+6.039677178391804*^-272*I,1.4589384413752435+7.277855244054807*^-271*I,4.869605083884732-4.3805569346501634*^-271*I,4.151180007874289-2.561299303846957*^-271*I,0.11015322531920603-9.463262220987882*^-272*I,-0.19042187458081775-7.90484140127289*^-272*I,-1.010241417582623-3.881351669775066*^-272*I,-1.1858459332802231-1.9828751145308536*^-271*I,-1.2983785145683853-3.0784773107085314*^-271*I,-0.7950420616742276-1.3192329877557067*^-271*I
-0.3378940890608553+6.0907177502762685*^-288*I,0.8878442574092344-5.357820781760284*^-288*I,-0.4520585569686247-1.1581678724280664*^-287*I,-0.7227266311474255-1.2160714278617882*^-288*I,0.8180771034445413-3.65051281417325*^-288*I,-0.2946252565971223+5.940189048874282*^-288*I,3.939602232312218-9.099827013081006*^-288*I,3.8290087132260817-8.937645951573405*^-288*I,2.5107094584275234+3.5068562181869504*^-288*I,1.4068641274426266+1.4079846401414286*^-287*I,4.883512979686761-8.441225974851432*^-288*I,4.128080042611728-1.54231151926058*^-287*I,0.08114109944021519+3.8792604488507114*^-288*I,-0.20448543959683607+6.4190271455067696*^-288*I,-1.0574951152788228+1.080075334848577*^-287*I,-1.1818065123529353+2.1525535407196684*^-288*I,-1.30880218869063-2.063159803080612*^-288*I,-0.8100191439111678+2.0151584051018657*^-288*I
-0.3260253922688088+1.6391246705882767*^-300*I,0.8943393411579966-1.5513973469190573*^-300*I,-0.46265391170266695-3.0571513059824424*^-300*I,-0.7348665495687323-3.771026332878114*^-301*I,0.8025203566162544-1.802517786356334*^-300*I,-0.20438857938539412+1.2817689016632303*^-300*I,3.9129691061363694-2.864852614511678*^-300*I,3.8645519650837072-2.748153173610677*^-300*I,2.538098812691937+2.3067649086380946*^-300*I,1.4108142167671822+5.726205880398162*^-301*I,4.836052142403057-1.9398598572648428*^-299*I,4.055074620598703-4.695213185339586*^-300*I,0.04805296442085848+1.0366305635598522*^-300*I,-0.20883825131967848+1.902188084098069*^-300*I,-1.0826297777079394+3.892960844113141*^-300*I,-1.1619132909541094+1.187391573458662*^-300*I,-1.3428673582415154-1.2357429957978574*^-301*I,-0.8367295305537966+5.1080560535729576*^-301*I
-0.2651762984603401-1.28644671914946*^-309*I,0.8886001883749512-1.9673462772036*^-310*I,-0.5252606305657395+1.046415546502486*^-309*I,-0.7564331201406816+5.9729849019906*^-310*I,0.7610851295301073-2.4736458114212*^-310*I,-0.10315618537734832-1.14026896294637*^-309*I,3.8294527114496955+1.246396279392607*^-309*I,3.841295701010075+7.0872188898013*^-310*I,2.5705410821840986+1.297009118231146*^-309*I,1.5098793750216415-4.154583791453054*^-309*I,4.594651081290121+8.582358755318193*^-309*I,3.899937460532396+2.392730254429256*^-309*I,0.02052805283277419+2.8293277217761*^-310*I,-0.18681980339641643-3.7218732149124*^-311*I,-1.04672712812075-5.760457426769*^-310*I,-1.1168799975880743-4.4742919067884*^-310*I,-1.4059216550663234+1.184110133461876*^-309*I,-0.8688570604575566+5.59548797032396*^-310*I
-0.13288981059531618-1.3011367*^-317*I,0.8485180261972329+5.99253*^-318*I,-0.646149229104503+6.85943*^-318*I,-0.7899332442050718-2.31*^-321*I,0.6776416220206727+6.396465*^-318*I,-1.1891032392699212*^-11-4.82726*^-318*I,3.6699916709597913+1.275058*^-317*I,3.734220996958358+1.065539*^-317*I,2.5844992690302098+4.787457*^-318*I,1.6751824493521594-5.14554*^-318*I,3.7179852282808192+2.5878306*^-316*I,3.6412381597658032+1.881156*^-317*I,0.014541966510736953-1.673356*^-318*I,-0.11529334795126703-6.584057*^-318*I,-0.9094045354717939-1.2977*^-317*I,-1.0242135846929583-1.0212826*^-317*I,-1.4546724000311475-4.219904*^-318*I,-0.8900884812334666-1.07595*^-318*I
0.04451519740749872+2.5*^-323*I,0.7626396551606243-1.5*^-323*I,-0.7651740296331208-1.*^-323*I,-0.8347804488823578+0.*I,0.568230528676362-1.*^-323*I,0.09681218431987651+5.*^-324*I,3.4810108432577787-2.5*^-323*I,3.58825591464816-1.5*^-323*I,2.557425258366754-1.*^-323*I,1.790315560371945+2.*^-323*I,2.813795779034163-6.*^-323*I,3.3544178676926704-4.*^-323*I,0.03742347124917061+1.*^-323*I,0.00667294534748073+2.*^-323*I,-0.697518381841026+2.5*^-323*I,-0.8869129073532072+1.*^-323*I,-1.391123414578842+1.5*^-323*I,-0.8860551036830747+5.*^-324*I
0.2005010025247757+2.*^-323*I,0.6578257757330792-1.*^-323*I,-0.8329611503330984+0.*I,-0.8826998276219233+5.*^-324*I,0.4736398818624934-1.5*^-323*I,0.18718887468495055+1.5*^-323*I,3.335150109505784-1.*^-323*I,3.4713970403382297-1.*^-323*I,2.508040183245484-1.5*^-323*I,1.8274332320083337+0.*I,2.481518604802466-3.*^-323*I,3.1425295877680286-1.5*^-323*I,0.07308847736685174+0.*I,0.14009897852385245+5.*^-324*I,-0.4866527765804568+2.5*^-323*I,-0.7490221513059817+2.*^-323*I,-1.300046546536918+1.*^-323*I,-0.8658574148411204+0.*I
0.30285627969324214+1.5*^-323*I,0.5651779565620421-1.5*^-323*I,-0.8627087313634534-5.*^-324*I,-0.9173233089638617-1.*^-323*I,0.40966835957033015-1.*^-323*I,0.2692012209175175+0.*I,3.2530294838150944-1.5*^-323*I,3.402396264393419-1.*^-323*I,2.4615921162650944+0.*I,1.8297533075373846+5.*^-324*I,2.3447278407336065+5.*^-324*I,3.0258405755982434-2.*^-323*I,0.1036025272859484+1.*^-323*I,0.24898464533149084+1.5*^-323*I,-0.3200416378868145+2.5*^-323*I,-0.638100783649118+1.*^-323*I,-1.2285299893789616+5.*^-324*I,-0.8429258768037655+5.*^-324*I
0.35590068848928297+0.*I,0.4976504779526992+0.*I,-0.8793349182815812+0.*I,-0.9280682317922188+5.*^-324*I,0.3734235670906531+5.*^-324*I,0.3338038840979754+0.*I,3.2199813927727274+5.*^-324*I,3.3717253496100463+5.*^-324*I,2.4310544604199427-5.*^-324*I,1.8275722266194694+5.*^-324*I,2.293526097392307+0.*I,2.9780948110997327+5.*^-324*I,0.12243774691408009+0.*I,0.3197356193671808+0.*I,-0.20792597306432825+0.*I,-0.5588639503901662+0.*I,-1.1776069317116034+5.*^-324*I,-0.8219047366652151+0.*I
0.37493967224285385+0.*I,0.4557688088598247+0.*I,-0.8956008726275342+5.*^-324*I,-0.9146285915336549+0.*I,0.35862844951998657-5.*^-324*I,0.3717632694530603+0.*I,3.2147861332915317-5.*^-324*I,3.3648439741696152+0.*I,2.4195387044250167-5.*^-324*I,1.8319126173882725-1.*^-323*I,2.289449957487113-3.*^-323*I,2.9690232056564363-5.*^-324*I,0.13057258158896382+0.*I,0.3528503037752518-5.*^-324*I,-0.14703687752368141-1.*^-323*I,-0.5077430073038319+0.*I,-1.1419904235586433+0.*I,-0.8022739476092888-5.*^-324*I
0.3719167887270095+5.*^-324*I,0.43608463252099383+5.*^-324*I,-0.9148395784372372+0.*I,-0.8822622386463157+5.*^-324*I,0.3606555093120709+5.*^-324*I,0.37937687020319943-1.*^-323*I,3.2228446336346033+0.*I,3.3709888282382807+0.*I,2.4250760094115016+0.*I,1.8445906155935214+0.*I,2.3149161106413128+0.*I,2.9796468763583133+0.*I,0.13105344683753684+5.*^-324*I,0.35348738528308515+0.*I,-0.13104199814489076-5.*^-324*I,-0.4804278441256027+0.*I,-1.1176099739411984+0.*I,-0.7824296294924127+5.*^-324*I
0.3521633668779385-2.5*^-323*I,0.43464942518113037+5.*^-324*I,-0.9362335121688454-5.*^-324*I,-0.837602889395525+0.*I,0.37704338786146047+0.*I,0.3593417262695896-1.*^-323*I,3.2385727604705954+1.*^-323*I,3.3848608185459734+1.*^-323*I,2.4435744215352564+1.5*^-323*I,1.8643914598696123+1.5*^-323*I,2.363844425581411+2.*^-323*I,3.003402190274163+1.5*^-323*I,0.12696528187445835-5.*^-324*I,0.32773105945418474-1.*^-323*I,-0.15349687783141958-1.*^-323*I,-0.4739683767733632-1.*^-323*I,-1.102748206171992-5.*^-324*I,-0.761091663402352+0.*I
0.3161343845226532-2.*^-323*I,0.44739147864222095+1.5*^-323*I,-0.9572916408105951+0.*I,-0.7868096648134607-1.*^-323*I,0.4068577031177972+5.*^-324*I,0.3181224674329088-1.5*^-323*I,3.2627571158858704+1.5*^-323*I,3.405063095618987+1.*^-323*I,2.4702818042705528+1.5*^-323*I,1.8893242259042027+1.5*^-323*I,2.437441383795687+4.4*^-323*I,3.041918007649579+2.*^-323*I,0.12128433608793222+0.*I,0.28201430846472314-2.*^-323*I,-0.20769064412740915-3.5*^-323*I,-0.48662625989702996-4.*^-323*I,-1.0972947232569537-2.5*^-323*I,-0.7373397845580016+0.*I
0.26272312109625207-1.*^-323*I,0.46944824734590845+1.*^-323*I,-0.9748126415232277-5.*^-324*I,-0.7351471346533732+0.*I,0.44964967845565657+1.*^-323*I,0.2624269350933607-5.*^-324*I,3.298430489586716+1.*^-323*I,3.4314209161565263+1.*^-323*I,2.500538268505616+0.*I,1.9171250774573374+1.5*^-323*I,2.5408538495016306+2.*^-323*I,3.0995765080079876+1.5*^-323*I,0.11714631408124906+0.*I,0.2235903628676591-5.*^-324*I,-0.2853658835310969-5.*^-324*I,-0.5168572898018106-1.*^-323*I,-1.1013099768414116+0.*I,-0.710311086613727+5.*^-324*I
0.19294088887818966-1.5*^-323*I,0.4943844911515842-5.*^-324*I,-0.9857982985761161-5.*^-324*I,-0.6869761256949637+5.*^-324*I,0.503856301336756+5.*^-324*I,0.19684181226211855-5.*^-324*I,3.3467756274907474+1.*^-323*I,3.462154036151638+5.*^-324*I,2.5301008945762384+5.*^-324*I,1.9454870148340366+5.*^-324*I,2.6798752932009156+3.*^-323*I,3.178363873395631+2.*^-323*I,0.11798988489425355+0.*I,0.16128080503882378+0.*I,-0.3748930203227329+0.*I,-0.5617879145300234+0.*I,-1.1132803800839821+5.*^-324*I,-0.678977498066609+5.*^-324*I
0.11331151294911165+5.*^-324*I,0.5140472808978852+0.*I,-0.9894108102002388+0.*I,-0.6452078591317797-1.*^-323*I,0.5645505713837669+1.*^-323*I,0.12326003285051798-1.*^-323*I,3.4036112613781726-5.*^-324*I,3.4913602794605625+0.*I,2.5553188986829274-1.*^-323*I,1.9731109558586613+0.*I,2.8560857326536992-1.*^-323*I,3.2735064671320027+0.*I,0.12726977583521892+5.*^-324*I,0.10559036391025184-5.*^-324*I,-0.46009249113413736-1.*^-323*I,-0.6154121873320745-1.*^-323*I,-1.1281973869332869-5.*^-324*I,-0.6421834294387875+5.*^-324*I
0.03720738314384988+1.*^-323*I,0.5198923260427993+5.*^-324*I,-0.9895427971124496-1.*^-323*I,-0.6102641362827412+1.*^-323*I,0.621689488185889-2.5*^-323*I,0.0424121829037227+1.*^-323*I,3.457939109210933-1.*^-323*I,3.5083494141861244+0.*I,2.5732404724104425+5.*^-324*I,2.0016303972144343+1.*^-323*I,3.0577432685273926-1.5*^-323*I,3.371435988495321-1.*^-323*I,0.1475857189909247-1.*^-323*I,0.06711439917710109+0.*I,-0.522174648917805+5.*^-324*I,-0.6674880702159022+5.*^-324*I,-1.136847237798162+5.*^-324*I,-0.5991568202048556-1.*^-323*I
-0.019407533504634387-1.*^-323*I,0.5064914276137333-1.*^-323*I,-0.994098319224244-5.*^-324*I,-0.5801567480942672-1.*^-323*I,0.6623908254685615+1.5*^-323*I,-0.04280860152101148+0.*I,3.4959401338475473+1.*^-323*I,3.502310246936195+5.*^-324*I,2.5818422871641036+5.*^-324*I,2.0355653777627523-5.*^-324*I,3.2523681406563187+0.*I,3.453951518302111+1.5*^-323*I,0.1792339393598522+1.*^-323*I,0.05262393686937058+1.*^-323*I,-0.5474765650644818-5.*^-324*I,-0.7058318910444059+5.*^-324*I,-1.1301673473690645-5.*^-324*I,-0.550754852107312+1.*^-323*I
-0.047088915670116485+6.*^-323*I,0.4753263839765802-1.5*^-323*I,-1.0083741556579182-3.5*^-323*I,-0.552748286303553+0.*I,0.6783400475740254-7.*^-323*I,-0.12545817814650842+6.4*^-323*I,3.5097530771299863-6.4*^-323*I,3.470980891771869-2.5*^-323*I,2.5808613136064853+1.*^-323*I,2.077160920641526+1.5*^-323*I,3.4026324232527876-1.5*^-322*I,3.5085332765561104-9.4*^-323*I,0.21906904393465318-1.5*^-323*I,0.061034802323018764+1.5*^-323*I,-0.5366139119284348+4.*^-323*I,-0.7227714453266697+5.*^-323*I,-1.1073234427707606+2.5*^-323*I,-0.5005586490215468-2.*^-323*I
-0.04686277097293999+1.5*^-323*I,0.43410034519184587+0.*I,-1.030594992375573-5.*^-324*I,-0.527773648419208+5.*^-324*I,0.6701080935086696+5.*^-324*I,-0.19704979604815862+1.*^-323*I,3.500941912465754-1.*^-323*I,3.422267611253968-5.*^-324*I,2.5724452977436654-1.*^-323*I,2.1222449084832813+0.*I,3.493905224296949-1.5*^-323*I,3.5335390807135747-2.*^-323*I,0.2614187256061997-5.*^-324*I,0.0842491967562743-1.*^-323*I,-0.5028560778487882+0.*I,-0.7191021477066603+1.*^-323*I,-1.0759703811444363+0.*I,-0.45396393227035886-5.*^-324*I
-0.02558088369271532+5.*^-324*I,0.3920756037319015+0.*I,-1.055398979489272-5.*^-324*I,-0.5064739786762396+1.*^-323*I,0.6437196649720969-3.5*^-323*I,-0.251199399953765+2.*^-323*I,3.4755242208067094-1.5*^-323*I,3.367064734313735-5.*^-324*I,2.5602547318390476+1.5*^-323*I,2.163868985872536+3.*^-323*I,3.5334195451906933+0.*I,3.533424939905049-2.5*^-323*I,0.3004426644883145-5.*^-324*I,0.11231777307056386-5.*^-324*I,-0.461439100800573+1.*^-323*I,-0.7012077801878527+0.*I,-1.044887146273924+1.5*^-323*I,-0.4160428297111895-5.*^-324*I
0.009547936261044842-2.5*^-323*I,0.35634114272194145+5.*^-324*I,-1.078347059844238+2.*^-323*I,-0.490313853038522+0.*I,0.6058478988889547+3.*^-323*I,-0.28485575860910356-3.*^-323*I,3.438984853843066+3.*^-323*I,3.3135328005426294+1.*^-323*I,2.547775926125524+0.*I,2.1972371333418312-5.*^-324*I,3.533853210924743+3.5*^-323*I,3.5130338712241427+4.4*^-323*I,0.33175985415857356+1.*^-323*I,0.13760533707502684+5.*^-324*I,-0.42253678316284127-1.*^-323*I,-0.6760704968945003-2.*^-323*I,-1.0196567304810722-1.*^-323*I,-0.39031831859178623+5.*^-324*I
0.053343525124869666+1.*^-323*I,0.3306093919342136+1.*^-323*I,-1.0970159271954123-1.*^-323*I,-0.4802688712359111+3.*^-323*I,0.5616274771343095-1.5*^-323*I,-0.2977549631931094+0.*I,3.3948384054501974-1.*^-323*I,3.266033087585154-1.5*^-323*I,2.5372529406134423-1.5*^-323*I,2.220424463274273+1.5*^-323*I,3.504746253115009-1.*^-323*I,3.4755731278129454-1.*^-323*I,0.35284728320661196-1.*^-323*I,0.1561271020549888-5.*^-324*I,-0.39045940567402854+1.*^-323*I,-0.6484062930793757+0.*I,-1.0027092811074323+1.*^-323*I,-0.37870616314936306-5.*^-324*I
0.10304020569120445-1.*^-323*I,0.31552407258034737-1.*^-323*I,-1.110254587409072+0.*I,-0.4767488868316517+5.*^-324*I,0.5142460844394917+1.*^-323*I,-0.2914438214281838-1.5*^-323*I,3.3449110028698983+1.5*^-323*I,3.2259832866944027-5.*^-324*I,2.529450768733457-5.*^-324*I,2.232909124867072+0.*I,3.4509783212469434+1.*^-323*I,3.4226001374752353+1.*^-323*I,0.36279762900602847+1.*^-323*I,0.16720520661850652+5.*^-324*I,-0.36525214262753836+1.5*^-323*I,-0.6200933069620852+1.*^-323*I,-0.9945226040539847+1.*^-323*I,-0.3819108263981116+1.5*^-323*I
0.1579446855839779-1.*^-323*I,0.3093878127528921-2.*^-323*I,-1.1173686290780178-1.5*^-323*I,-0.47983819916866216+1.5*^-323*I,0.46513569140326066-2.*^-323*I,-0.26841502789004656-1.*^-323*I,3.289839497716505+0.*I,3.1927962774772487-5.*^-324*I,2.523849751150928+5.*^-324*I,2.234399268122473+3.5*^-323*I,3.373295632736445+1.5*^-323*I,3.354419746610158+0.*I,0.36196077009347555+1.5*^-323*I,0.17267584993292895+5.*^-324*I,-0.34425861125167523+1.*^-323*I,-0.5906796288029352+5.*^-324*I,-0.9944099796477628+3.*^-323*I,-0.399737936577128+5.*^-324*I
0.218799954151289+1.5*^-323*I,0.30877146310660947+0.*I,-1.1176570369327714-5.*^-324*I,-0.48962381585775755-1.*^-323*I,0.41438089965891545-3.*^-323*I,-0.23153299767554245+3.*^-323*I,3.22951336285267-2.*^-323*I,3.164541941998916-5.*^-324*I,2.5189299330568264+1.5*^-323*I,2.2244610096396027+5.*^-324*I,3.2693838494147993-3.*^-323*I,3.270617827008933-3.5*^-323*I,0.35173727472213945-1.*^-323*I,0.17622985780299308+0.*I,-0.3231003631430694+5.*^-324*I,-0.5581471418777513+1.*^-323*I,-1.0006702497625477+5.*^-324*I,-0.4310970945918916-1.*^-323*I
0.28683275493359967+0.*I,0.30900160212727723+1.*^-323*I,-1.1101785117375036+1.*^-323*I,-0.5064654972211685+0.*I,0.36134049539199753+1.5*^-323*I,-0.183732057894992-1.5*^-323*I,3.1636749662643675+1.*^-323*I,3.1385146978829632-5.*^-324*I,2.51242923169887-1.*^-323*I,2.2026457819425875-1.5*^-323*I,3.1357926621794707+5.*^-324*I,3.1709887979281333+1.5*^-323*I,0.33454378282834424+5.*^-324*I,0.182885578022661+0.*I,-0.296372888760929-5.*^-324*I,-0.5197801856135675-5.*^-324*I,-1.0103820312531715-1.*^-323*I,-0.4737399011531582+0.*I
0.3624063405848883-5.*^-324*I,0.3048655865241256+0.*I,-1.093710006956639-1.*^-323*I,-0.5310281644344601-1.*^-323*I,0.3054825937381085-1.*^-323*I,-0.12778773664058943+5.*^-324*I,3.0928694687899694+0.*I,3.1119755958529556+5.*^-324*I,2.5016654529132047+5.*^-324*I,2.168848667643726+0.*I,2.9713150996074016-5.*^-324*I,3.0570462670971845+5.*^-324*I,0.3137385648731893+0.*I,0.19820016677500257+0.*I,-0.25863731295735815+5.*^-324*I,-0.473276802361308-5.*^-324*I,-1.0193374056561937-5.*^-324*I,-0.5240199117833033-5.*^-324*I
0.44346698439230636+1.*^-323*I,0.2919215247241577+5.*^-324*I,-1.0671550523050521+0.*I,-0.5637790842481771+1.5*^-323*I,0.24724474700684168+0.*I,-0.06600087019161917-5.*^-324*I,3.0196569594548475-1.*^-323*I,3.083200913514043-5.*^-324*I,2.48415125714668-1.*^-323*I,2.123873433124446+1.*^-323*I,2.7816290131881494+5.*^-324*I,2.9339218613542752+5.*^-324*I,0.2931392858272929-5.*^-324*I,0.22674397501712495-1.*^-323*I,-0.2061538492359729-5.*^-324*I,-0.41806335978791176+0.*I,-1.022719663950473+5.*^-324*I,-0.5771181263167646-5.*^-324*I
0.5244336967602398+1.*^-323*I,0.26850949397918394-1.5*^-323*I,-1.0307988965821266+0.*I,-0.6037494337274667+5.*^-324*I,0.1885611412252294-5.*^-324*I,-6.199141281535759*^-17+1.5*^-323*I,2.9495882486385727+0.*I,3.052666816518653+5.*^-324*I,2.458750426898073+0.*I,2.0703402028015807-5.*^-324*I,2.582828400446656-5.*^-324*I,2.811796049501999-1.*^-323*I,0.2758192040473771+0.*I,0.26974569330836484+5.*^-324*I,-0.13921668983029808+1.*^-323*I,-0.35644427809649937+2.*^-323*I,-1.01698005636741+2.*^-323*I,-0.6281098269592474+5.*^-324*I
