0.5244336967602403,0.26850949397918333,1.0307988965821262,0.6037494337274671,-0.18856114122522924,0,0.19200440495122106-1.1303087763431644*^-16*I,0.08892583707114052-1.7414975994406066*^-16*I,0.6828422266917203-1.6291578756908741*^-16*I,1.0712524507882133+2.178083104993402*^-17*I,0.5587642531431386-4.2184836469250337*^-17*I,0.32979660408779493-6.886554254330195*^-17*I,0.2758192040473777+9.640119125577783*^-18*I,0.26974569330836556+5.1519610043107026*^-17*I,-0.13921668983029753-2.7119620799532866*^-17*I,-0.3564442780964989-2.0790092391180416*^-16*I,-1.0169800563674098-1.8903285571184736*^-16*I,-0.6281098269592473-1.1081235020651129*^-16*I
0.5968942095625654-4.300364174732549*^-32*I,0.23761554013965197+4.1375735473449405*^-31*I,0.9880185523368281-5.68500600693619*^-32*I,0.6473301502750888+2.7543058680374104*^-31*I,-0.13269730858005319-2.2325579286525577*^-31*I,0.06877010644661519-1.47786209009426*^-31*I,0.25088040931254457-5.564838452061093*^-32*I,0.1180344785566635-2.3073916732876903*^-32*I,0.7145400581863562-1.809488412730657*^-33*I,1.1281299860226675+1.4487571438414879*^-31*I,0.7428586366397338-7.749103968742101*^-31*I,0.436848423546615-9.53036864456008*^-32*I,0.26257037085132545-4.902022627835904*^-32*I,0.3230507821227169-1.8405780029478343*^-31*I,-0.0637754175768388-3.433222680831522*^-31*I,-0.2939665955210743-5.6768897474162204*^-31*I,-1.0024444265717314-6.266349147898772*^-31*I,-0.6736990017175348-1.8860338718318388*^-31*I
0.6536083172501033-6.175884332199995*^-46*I,0.2061029983147099+4.870975546057561*^-45*I,0.9449200467304419+6.78281010470467*^-46*I,0.689316965587399+2.4067987707918418*^-45*I,-0.08311861500897644-2.5831171487541867*^-45*I,0.13783571991682345-1.6248337105066385*^-45*I,0.2917810763196852-7.196290355121564*^-46*I,0.14164216404519506-6.194533547964663*^-46*I,0.748444009223808-7.853984771270083*^-46*I,1.1817858346066556+6.3977814346267085*^-46*I,0.8925285317383068-9.558257966430108*^-45*I,0.5171431997565624-1.5520097361302155*^-45*I,0.2518638482170057-7.976911066960026*^-46*I,0.37829997833135187-2.763029299000455*^-45*I,0.010247869013706555-4.367369651508639*^-45*I,-0.23795775150437545-6.202082542197601*^-45*I,-0.9841282021167643-8.17579155168091*^-45*I,-0.7132500639235713-1.9829648041148445*^-45*I
0.6933874398005572-1.8570375015245299*^-60*I,0.1803502882585329+1.0651126708269149*^-59*I,0.9062003024877358+5.218932876133565*^-60*I,0.7264792263083028+1.8486134492515806*^-60*I,-0.04192151678226606-5.488025990061699*^-60*I,0.2031234377670819-3.199492011796198*^-60*I,0.31454705003883976-2.825777103365897*^-60*I,0.1585849885796607-3.268678276258387*^-60*I,0.7809173103322308-4.1394586338695754*^-60*I,1.2279811411290207-1.340106805330652*^-60*I,1.003729027811989-1.620701841121927*^-59*I,0.5692758299062068-4.320421009657377*^-60*I,0.24228342065381983-2.9384243588480596*^-60*I,0.4280326642185511-7.82319129202829*^-60*I,0.07413420511007723-1.0145027487508262*^-59*I,-0.19422173480221142-1.192815178643629*^-59*I,-0.9685092254894477-1.6712346710573797*^-59*I,-0.7477120369523913-4.236724738746375*^-60*I
0.7210975769219808-1.3773539745799827*^-76*I,0.16290243054494247+5.149632425800731*^-76*I,0.8718612859658548+5.247578339672857*^-76*I,0.7593757091677962-2.3386956872484312*^-76*I,-0.009419302859903384-2.7152429017157962*^-76*I,0.2598556341815987-1.634566143879464*^-76*I,0.32634451646317425-2.487157507558718*^-76*I,0.17203817568102844-3.233429816649435*^-76*I,0.8111915992612546-3.93290926239438*^-76*I,1.2668166763745583-2.6811000170145298*^-76*I,1.0864357079029123-7.072541849506036*^-76*I,0.6024324450543176-2.80270921194498*^-76*I,0.23443198294966772-2.3613844738843777*^-76*I,0.4692484714670845-5.3512486670281575*^-76*I,0.12379268462869494-5.519241885690393*^-76*I,-0.1649191460407614-4.583318256462518*^-76*I,-0.9594831826993792-5.577842010732583*^-76*I,-0.7778245267624451-1.7209354272254105*^-76*I
0.7436088720252056+3.0415290138121205*^-84*I,0.1532474372827822-1.5168629045817713*^-84*I,0.8385208382937966-1.0849198358776023*^-84*I,0.7906815168580889+2.685510224778535*^-84*I,0.014915784946195228+1.1010515677039353*^-84*I,0.3035723019961896-7.282811962954253*^-85*I,0.33734507878965686+4.093078330366665*^-84*I,0.18727431050671572+2.6844562356025055*^-84*I,0.840656751404171+7.327945345497671*^-85*I,1.3010618052551384+8.228076138796733*^-85*I,1.1548485820410632+4.607881913641182*^-84*I,0.6299450412464785+4.855192431304624*^-84*I,0.23026510961654817+1.2476861708006543*^-84*I,0.5023123083785251+1.546741290507688*^-84*I,0.15873075665141817+1.6233380632635964*^-84*I,-0.14943962101471905+7.582456686164876*^-85*I,-0.9576419316402442+1.5372459397836817*^-85*I,-0.8036437402331826+4.4863296043875537*^-85*I
0.7666638749660186-4.797587231771686*^-94*I,0.1500261218074256+2.509632247410485*^-94*I,0.8021542707971421+2.497261869141147*^-94*I,0.8229856756737451-3.9395032908618565*^-94*I,0.03152022759533908+4.2038239377955385*^-95*I,0.3304076982042566-1.8983883235353337*^-94*I,0.3568334449838972-4.897091353626795*^-94*I,0.2091789404636902-4.7590054094226014*^-94*I,0.8710938159627246-4.061438391118839*^-94*I,1.3337704788667175-4.4727869448011945*^-94*I,1.2209144234803082-7.65931221790458*^-94*I,0.6640611943228215-7.623426845126855*^-94*I,0.2317401940779623-1.7676058218024883*^-94*I,0.5285254401991598-2.0807454619107817*^-94*I,0.17969841089098745-1.6228413055454455*^-94*I,-0.14632182029806873-2.0321446637315852*^-94*I,-0.9617585777081721-3.9873259769342665*^-94*I,-0.8249284604410062-2.7965835723302507*^-94*I
0.7937078295065714+2.1471187535557893*^-105*I,0.15240160468210984-1.2804174989398528*^-104*I,0.7595800748102185+5.0763557724201086*^-107*I,0.8576868757897762-4.637928259092608*^-104*I,0.04041849271977746+5.20175245837495*^-105*I,0.33712951037163785+2.4776391432508627*^-104*I,0.39156657531680844-1.5937123610763292*^-104*I,0.241120208142194-1.0778386148846951*^-104*I,0.9036463871513409+3.4684474959679987*^-105*I,1.3670599623213315+1.01907290088377*^-104*I,1.292550951533671+3.840692270320177*^-104*I,0.7138835334898821-1.3812310187236115*^-104*I,0.24017066149294886-1.1793522269394541*^-104*I,0.5487806345393926+1.3542777209370338*^-105*I,0.18728450318304127+1.425797791472373*^-104*I,-0.15453564967991246+2.7963024989443844*^-104*I,-0.9702211510835462+4.4033753280277506*^-104*I,-0.84143756099189-2.5068474096387125*^-105*I
0.8254092695442397-6.73752420714199*^-114*I,0.1606316865141877+7.910622871040537*^-114*I,0.7091644094117128+1.4222903215299874*^-113*I,0.8945780819109127-9.919039747496074*^-114*I,0.0412389024968254-3.349379345937858*^-114*I,0.32140663321194346-6.296261380094504*^-114*I,0.4449388491828971-8.817687465506453*^-114*I,0.2843526838437054-9.800980705698415*^-114*I,0.938315103845927-1.1520647609459785*^-113*I,1.4016135417543243-1.1430605186809206*^-113*I,1.3733124558951728-2.4410015844846013*^-114*I,0.7842670430000852-7.648895981157636*^-114*I,0.2559886534797186-7.121737539423904*^-114*I,0.5630439100388566-1.196669621159571*^-113*I,0.1813751692672124-9.046166135438747*^-114*I,-0.17403579271087885-4.0725934150883254*^-114*I,-0.9819401094644785-3.511061193876687*^-114*I,-0.8530542802071013-3.7771709747503496*^-114*I
0.85906017894531+1.8646744214701326*^-123*I,0.17649910995460263+3.1074068448909845*^-123*I,0.6521019989414237+2.9251614989947923*^-123*I,0.931495436300212+8.369437276627458*^-123*I,0.03313188066772862-1.9769469370974253*^-124*I,0.28226843207410907+4.082018384845064*^-123*I,0.5154237442363048-8.959784683226957*^-124*I,0.3368671098943449+8.550433297431788*^-124*I,0.9732218020389974+1.1201688390681705*^-123*I,1.4360402591514017+7.5006546879892915*^-124*I,1.4612726361797521+7.589640833011602*^-123*I,0.8737410536333483+1.0843749364782762*^-123*I,0.2782413229404478-2.2947150471879184*^-123*I,0.5697713412185456-2.781429338475629*^-123*I,0.16080093516924254-2.4314608767835042*^-123*I,-0.205996987158797-2.2730001829457913*^-123*I,-0.9971008742011974-4.734829640618256*^-123*I,-0.8600261731020753-3.0804026888383175*^-123*I
0.8875110286491531+2.8036408370764107*^-141*I,0.20437495029843755+3.8127670464666974*^-141*I,0.5957612391683658-5.984006142361819*^-141*I,0.9634347514823721+9.045611632346768*^-142*I,0.014089874126528104+1.0805742985476991*^-142*I,0.22054593672856374-3.192929628009616*^-141*I,0.5926708782851788+1.0083501519305164*^-140*I,0.3905241303721276+1.3991597752349004*^-140*I,1.0028038919218991+5.581487336075256*^-141*I,1.4652395592100849+2.1147603317800058*^-141*I,1.5456275645739956+1.2018279586035947*^-141*I,0.9696838338425623+8.639288868179358*^-141*I,0.30312247499724626-2.3023054657212828*^-141*I,0.5642111361733024-3.4400392366364595*^-141*I,0.12233575440710208-5.31232728475884*^-141*I,-0.2532995497607918-2.2125833631125866*^-141*I,-1.0183617673027037-8.241650139437304*^-142*I,-0.8637764130000457+1.3239525248058949*^-141*I
0.8963586725873078-1.527932783094806*^-155*I,0.25432296225370343+1.6416115283111118*^-155*I,0.5609338496341832-1.4913196954646783*^-156*I,0.9797322110069998-8.445598312216156*^-156*I,-0.021178842686860804-1.133560034243291*^-155*I,0.1394270574052487+6.451063540093208*^-156*I,0.6478951194972629-1.550860427589542*^-155*I,0.42437379205983605-7.288603968645161*^-156*I,1.0137001072978054+5.142127486263369*^-156*I,1.4766153852524915+3.947143035178577*^-157*I,1.598170845898221-2.946942996792001*^-156*I,1.0369129301193722-3.171828835064154*^-155*I,0.3204262509187903-4.94053781980876*^-156*I,0.5336277720263832-1.111122701675942*^-155*I,0.05741666987786041-2.158010064957421*^-155*I,-0.3223237989846472-1.356676334274979*^-155*I,-1.0534263051234471-1.0427460233712547*^-155*I,-0.8690707488192932-5.476234903607786*^-156*I
0.8554143292990033-6.023389759086094*^-166*I,0.34726443189307277+4.960259076687201*^-166*I,0.5875858845417523+3.9913321072555196*^-166*I,0.9577769956576532-3.599532339691841*^-166*I,-0.08510766699970118-3.038193083274383*^-166*I,0.04641115456685427-1.6834905005885296*^-166*I,0.6185939998947382-8.010866603232583*^-166*I,0.39589542526835164-7.05251730991077*^-166*I,0.9806579553323195-3.715258025659347*^-166*I,1.446902889646308-2.8879986831205385*^-166*I,1.5585229805499332-5.56906154050135*^-166*I,0.9974902236154626-9.754470802603602*^-166*I,0.30802454813065044-2.859183363815918*^-166*I,0.44881674276531897-6.326098337401498*^-166*I,-0.05456540492700235-5.560686277628009*^-166*I,-0.42611326106485503-3.9740973884482624*^-166*I,-1.117864101677293-4.3401780854924156*^-166*I,-0.8869184093652581-2.3910925514243123*^-166*I
0.7206100528719812-2.5263324476149265*^-174*I,0.4974554776528156+1.389924049877206*^-174*I,0.6838170614125705+9.835403654558693*^-175*I,0.8779180550720205-1.0818600714221217*^-174*I,-0.1908276440556514-1.257932506673184*^-174*I,-0.04357648276011146-5.520870493023138*^-175*I,0.44456048049361574-2.969517144531145*^-174*I,0.27219889080612913-2.0329056160305034*^-174*I,0.8943043369183554-1.1489950112048305*^-174*I,1.3719507090158218-8.845227040994668*^-175*I,1.3603166826145248-3.3182491513317694*^-174*I,0.7615851223895619-4.229310228501341*^-174*I,0.24674995751987797-8.109405558041234*^-175*I,0.2849816901401972-1.8664462278048957*^-174*I,-0.2334824080203211-1.7707298303162705*^-174*I,-0.5736863524290108-1.17675422752342*^-174*I,-1.220740644672479-1.2911734536736209*^-174*I,-0.9236687085511569-2.3747396148247282*^-175*I
0.5022001000392385+1.1775581924217467*^-184*I,0.6608381507331246-7.664371999940271*^-185*I,0.7568752295976113-3.4768199079874434*^-185*I,0.7825107648346015+1.581033766560898*^-185*I,-0.3273009746571234+5.413386287410898*^-185*I,-0.12214482254043615+4.6950575675879*^-185*I,0.17551212558600032+1.297403634953494*^-184*I,0.0961984436372726+8.654204962038336*^-185*I,0.8046323081363216+5.584002202551442*^-185*I,1.310440829872951+4.302134321124529*^-185*I,1.0065761828164776-4.568388610800755*^-184*I,0.36603754872591665+1.915876718206051*^-184*I,0.169585749333771+2.6988039233877698*^-185*I,0.09374245592348762+7.691346304272782*^-185*I,-0.4437171310348072+8.99916851845751*^-185*I,-0.7403558357516976+9.14851719190093*^-185*I,-1.3388820568061648+1.192269458790783*^-184*I,-0.9551650489502977+2.8467982071143384*^-185*I
0.2680889211068848+1.5658482766499402*^-198*I,0.7812269815039905-6.452887037342233*^-199*I,0.7520399648771702+1.316571091123607*^-199*I,0.7218002626767916+5.690986510213211*^-200*I,-0.4689794599981963+6.284466672130904*^-199*I,-0.19860750278881711+7.174210599891847*^-199*I,-0.10291528378225977+1.6724840311753866*^-198*I,-0.08006455298866248+1.0177388640183536*^-198*I,0.7477463207042955+5.431290887566295*^-199*I,1.30530641246089+2.0408377366295842*^-199*I,0.38731103895612246-9.777720468844243*^-198*I,-0.06618256771990373+2.7871657831206274*^-198*I,0.12185096350035672+8.527618890073935*^-200*I,-0.05270663744565969+6.046951500047187*^-199*I,-0.6258622754507028+9.103730654134625*^-199*I,-0.8902076748218265+1.0907873768004841*^-198*I,-1.437586352781413+2.6429260197455665*^-198*I,-0.9545974192845766+9.641781843292475*^-200*I
0.07265560321818293-8.504746616290198*^-207*I,0.8451422665524947-4.172574362638795*^-208*I,0.6970899794252537-3.7498908564474814*^-207*I,0.697608673442803+7.69154369904595*^-208*I,-0.5913174594618763-1.2364973731437523*^-207*I,-0.2771501824892411-8.61121087332437*^-207*I,-0.33828031079092924-9.64267933215183*^-207*I,-0.22826550661947526-3.332675313302308*^-207*I,0.7199050245330132-3.118016192128101*^-207*I,1.3480484876890044-3.4289582471006865*^-208*I,-0.6513971028328296-1.7465680999879002*^-205*I,-0.4302858763111456-1.8736509836441281*^-206*I,0.11071937103735974+3.8860607253980944*^-207*I,-0.13301126835744584+2.0615861086377636*^-207*I,-0.7526344669228501-1.119646127632577*^-207*I,-1.0030549948099325-6.112149112087097*^-207*I,-1.4585531905506244-1.4092877853605204*^-206*I,-0.9224341003462543+3.320454341941463*^-207*I
-0.0683368373868717+8.20659042940944*^-220*I,0.8686668862155627-1.9215127531938507*^-220*I,0.6330696933701435+3.0122413776123596*^-220*I,0.6936618664265316-5.159253379475958*^-221*I,-0.68217573251163+2.9011666712658143*^-220*I,-0.3489019942140559+5.5414018971790835*^-220*I,-0.5116823732659611+8.809983599566812*^-220*I,-0.33882861462128094+4.8684294996905065*^-220*I,0.706653091092035+2.463495070264988*^-220*I,1.4107029086760925-1.1060408835656929*^-220*I,-1.260627021942377+1.2457223850007154*^-218*I,-0.6857997439361787+1.4899092329237545*^-219*I,0.12009418182155454-1.07453094373143*^-220*I,-0.163177691658966+1.1685579570615427*^-220*I,-0.8296959426046385+3.647923849703541*^-220*I,-1.0780850530892914+5.78776941584238*^-220*I,-1.4108206339159959+1.1260302400323929*^-219*I,-0.877468059052353-7.012430178553629*^-221*I
-0.16614712665674847-4.210294306617895*^-230*I,0.87291868580906+1.0500384008581161*^-231*I,0.5782557720094988-1.7062499852877866*^-230*I,0.6978650777624598+4.588587042212735*^-231*I,-0.7442252969921612-5.54553768475118*^-231*I,-0.4010230123481127-4.509534667430706*^-230*I,-0.6312397280194524-4.57129698725552*^-230*I,-0.4217245505922359-1.549993585172287*^-230*I,0.6968845271313435-1.6453138190436903*^-230*I,1.4756904669040887-2.6723347244322123*^-231*I,-1.5000922725244565-5.793138616125731*^-230*I,-0.8485477330468378-8.103350680100962*^-230*I,0.13246404261818512+1.7357992284670492*^-230*I,-0.1690934114889652+8.930375665711002*^-231*I,-0.8782968480546122-6.983623314667629*^-231*I,-1.1260929639009292-3.328224869245701*^-230*I,-1.3617189452813632-5.093808380815183*^-230*I,-0.8365793664264328+1.1996221304735933*^-230*I
-0.23571062139942864-3.4053715761127957*^-246*I,0.8722508304647155+2.122877023045911*^-246*I,0.5340092711095893-1.896293712639821*^-246*I,0.7042027160131165+2.895394940254948*^-247*I,-0.7844176684004031-3.2218692778942594*^-246*I,-0.42338555762181534+3.070005814914647*^-247*I,-0.7113989328798483-3.525968021068637*^-246*I,-0.4918887995372913-3.965084970544044*^-246*I,0.6854054042570945+3.4327103711738356*^-247*I,1.5415498638817633+4.997173586885335*^-246*I,-1.6168581257062304-9.363181422317479*^-245*I,-0.9456099287786363-4.792493120222345*^-246*I,0.13717057349192502-1.253507200129489*^-246*I,-0.17042361212293386-2.5296706989897903*^-246*I,-0.9182201832457643-3.622336878108574*^-246*I,-1.157340610907643-1.493142917907352*^-246*I,-1.3263550289415533-2.701103395758705*^-246*I,-0.8079023234711741-1.0240364412508457*^-246*I
-0.28642937277959823+1.0829027489082368*^-263*I,0.8738233401470129-2.1419150366131967*^-264*I,0.4976162157449842+9.843978488326456*^-264*I,0.7101741375858258-4.841405407892041*^-264*I,-0.8082364758217586+4.6112004884154675*^-264*I,-0.4112383573623991+1.7530107646754673*^-263*I,-0.7630018894953965+1.524206768275665*^-263*I,-0.5593927847844067+5.585619055447359*^-264*I,0.6706205867173131+7.430930605245809*^-264*I,1.6117687064265735-3.599698062200167*^-263*I,-1.6856091769592016-7.54069664782691*^-263*I,-0.9960520595962589+2.6701249338463374*^-263*I,0.12977005503230837-4.069514017830914*^-264*I,-0.17717184551335274-2.1088416296967183*^-264*I,-0.9613346977343126+3.766775695599581*^-264*I,-1.1770565091955953+1.60788035828042*^-263*I,-1.3051769616745277+8.466095589491244*^-264*I,-0.7940123322575455-2.409254544550922*^-264*I
-0.32141278443251575+5.017252196077142*^-272*I,0.8795434130279142+6.754542182691035*^-272*I,0.46858054982437+3.8975847428533745*^-272*I,0.7156971516872367+7.418305745644998*^-272*I,-0.8190577937446293-3.7008611772474824*^-272*I,-0.3662017327331857+5.0732214055444356*^-272*I,-0.7919195657109667+5.6401164401294406*^-272*I,-0.626716501248452+4.2388177381872545*^-273*I,0.6525110822340381-3.2339336789564475*^-272*I,1.6826542122145496-3.8969147710638675*^-271*I,-1.7280124302949378+2.34556036560314*^-271*I,-1.0095873542844949+1.3714481629697416*^-271*I,0.11015322531920566-5.067119107987316*^-272*I,-0.1904218745808183-4.2326633019250815*^-272*I,-1.0102414175826233-2.078283696803151*^-272*I,-1.1858459332802227-1.0617309769520946*^-271*I,-1.2983785145683857-1.6483697177229654*^-271*I,-0.7950420616742279-7.063844196494513*^-272*I
-0.33789408906085505+3.261242058435222*^-288*I,0.8878442574092348-2.868837832439016*^-288*I,0.45205855696862474+6.2013822903924514*^-288*I,0.7227266311474251+6.511355110885402*^-289*I,-0.8180771034445409+1.954661487125423*^-288*I,-0.2946252565971213+3.180669205934568*^-288*I,-0.7980095787224244+4.872472856629529*^-288*I,-0.6874160596362887+4.785629540660324*^-288*I,0.6308831951622698-1.8777566150188053*^-288*I,1.7347285261471668-7.5389697340103*^-288*I,-1.7419203260969671+4.519751164161501*^-288*I,-0.9864873890219339+8.258250883730473*^-288*I,0.08114109944021454+2.077141617465604*^-288*I,-0.2044854395968367+3.4370516605104504*^-288*I,-1.0574951152788232+5.783230176837556*^-288*I,-1.1818065123529353+1.1525666915888007*^-288*I,-1.3088021886906305-1.1046905541325551*^-288*I,-0.8100191439111681+1.079018801485198*^-288*I
-0.326025392268809+8.776662799965806*^-301*I,0.8943393411579965-8.306919802051606*^-301*I,0.462653911702667+1.636944582160504*^-300*I,0.7348665495687321+2.0191997341515195*^-301*I,-0.8025203566162546+9.651534590929426*^-301*I,-0.20438857938539473+6.863205035238094*^-301*I,-0.7713764525465765+1.5339787741144177*^-300*I,-0.7229593114939138+1.4714923646173912*^-300*I,0.603493840897856-1.2351511484022331*^-300*I,1.7307784368226107-3.0661429879811824*^-301*I,-1.6944594888132636+1.038691708717579*^-299*I,-0.9134819670089109+2.514041854449282*^-300*I,0.0480529644208588+5.550616499274906*^-301*I,-0.2088382513196784+1.018522739360761*^-300*I,-1.0826297777079392+2.0844773840736725*^-300*I,-1.1619132909541097+6.357852824461821*^-301*I,-1.342867358241515-6.61702073580598*^-302*I,-0.8367295305537962+2.735092953101019*^-301*I
-0.26517629846033985-6.88824084246044*^-310*I,0.888600188374951-1.05341089995454*^-310*I,0.5252606305657399-5.60300009933377*^-310*I,0.7564331201406821-3.19821941629886*^-310*I,-0.7610851295301073+1.3245081714635*^-310*I,-0.10315618537734832-6.1055363308535*^-310*I,-0.687860057859902-6.6737908778181*^-310*I,-0.6997030474202814-3.79482955755225*^-310*I,0.5710515714056938-6.944800326621*^-310*I,1.6317132785681507+2.22456036320181*^-309*I,-1.4530584277003262-4.5953980602314*^-309*I,-0.7583448069426026-1.281180277985975*^-309*I,0.020528052832774483+1.51495493349493*^-310*I,-0.18681980339641588-1.992865755614*^-311*I,-1.0467271281207493-3.08441820176125*^-310*I,-1.116879997588074-2.3957449077087*^-310*I,-1.4059216550663236+6.3402927157371*^-310*I,-0.8688570604575566+2.99608814378124*^-310*I
-0.13288981059531685-6.96693*^-318*I,0.848518026197233+3.20869*^-318*I,0.6461492291045022-3.672874*^-318*I,0.7899332442050719+1.22*^-321*I,-0.6776416220206737-3.42497*^-318*I,-1.1891336387318267*^-11-2.58477*^-318*I,-0.528399017369999-6.82728*^-318*I,-0.5926283433685657-5.70542*^-318*I,0.5570933845595841-2.563425*^-318*I,1.466410204237635+2.755187*^-318*I,-0.5763925746910304-1.38564816*^-316*I,-0.4996455061760114-1.007264*^-317*I,0.014541966510737098-8.96*^-319*I,-0.11529334795126732-3.52543*^-318*I,-0.9094045354717949-6.948524*^-318*I,-1.0242135846929585-5.468447*^-318*I,-1.4546724000311477-2.259535*^-318*I,-0.8900884812334664-5.7611*^-319*I
0.04451519740749905-1.5*^-323*I,0.7626396551606244+1.*^-323*I,0.7651740296331206-1.5*^-323*I,0.8347804488823581-1.*^-323*I,-0.5682305286763617+5.*^-324*I,0.09681218431987673-5.*^-324*I,-0.3394181896679852-1.*^-323*I,-0.4466632610583668-1.*^-323*I,0.5841673952230393-5.*^-324*I,1.3512770932178486+1.*^-323*I,0.3277968745556322-5.*^-323*I,-0.2128252141028766-3.*^-323*I,0.037423471249170524-1.*^-323*I,0.0066729453474808995-1.5*^-323*I,-0.6975183818410259-1.5*^-323*I,-0.886912907353207-1.5*^-323*I,-1.391123414578842-1.*^-323*I,-0.8860551036830749+0.*I
0.2005010025247748-5.*^-324*I,0.6578257757330795+1.*^-323*I,0.8329611503330984+0.*I,0.8826998276219234-1.5*^-323*I,-0.4736398818624942-5.*^-324*I,0.18718887468495016-5.*^-324*I,-0.19355745591599186-5.*^-324*I,-0.3298043867484374+0.*I,0.6335524703443091-5.*^-324*I,1.3141594215814594-5.*^-324*I,0.6600740487873251-2.5*^-323*I,-0.0009369341782365203-5.*^-324*I,0.07308847736685183-1.*^-323*I,0.14009897852385186-1.5*^-323*I,-0.4866527765804578-1.*^-323*I,-0.7490221513059824-5.*^-324*I,-1.3000465465369182+5.*^-324*I,-0.8658574148411203-5.*^-324*I
0.30285627969324175-5.*^-324*I,0.5651779565620423+0.*I,0.8627087313634534+5.*^-324*I,0.9173233089638618+0.*I,-0.40966835957033076+0.*I,0.26920122091751747+0.*I,-0.11143683022530176-5.*^-324*I,-0.2608036108036264+5.*^-324*I,0.6800005373246989+0.*I,1.3118393460524085-1.5*^-323*I,0.796864812856186-2.5*^-323*I,0.11575207799154923-5.*^-324*I,0.10360252728594847+0.*I,0.2489846453314907-1.*^-323*I,-0.32004163788681494-5.*^-324*I,-0.6381007836491185+0.*I,-1.2285299893789619-5.*^-324*I,-0.8429258768037655-5.*^-324*I
0.355900688489283+1.*^-323*I,0.49765047795269896-5.*^-324*I,0.8793349182815811+1.*^-323*I,0.9280682317922192+0.*I,-0.37342356709065316+1.*^-323*I,0.33380388409797546-5.*^-324*I,-0.07838873918293392+1.*^-323*I,-0.2301326960202528+1.*^-323*I,0.7105381931698507-5.*^-324*I,1.3140204269703237-1.*^-323*I,0.8480665561974868-1.*^-323*I,0.16349784249006055-5.*^-324*I,0.12243774691408035+5.*^-324*I,0.3197356193671812+0.*I,-0.20792597306432803+0.*I,-0.5588639503901661+5.*^-324*I,-1.1776069317116034+0.*I,-0.8219047366652151+0.*I
0.3749396722428541+1.*^-323*I,0.4557688088598242-5.*^-324*I,0.8956008726275342+1.*^-323*I,0.9146285915336548-1.5*^-323*I,-0.35862844951998635+1.*^-323*I,0.371763269453061+0.*I,-0.07319347970173838+5.*^-324*I,-0.22325132057982183+5.*^-324*I,0.7220539491647767+0.*I,1.3096800362015208-5.*^-324*I,0.8521426961026802+0.*I,0.17256944793335705+0.*I,0.13057258158896387-5.*^-324*I,0.35285030377525245-5.*^-324*I,-0.14703687752368055+0.*I,-0.5077430073038313+2.*^-323*I,-1.141990423558643+1.*^-323*I,-0.8022739476092886-5.*^-324*I
0.3719167887270097+0.*I,0.43608463252099366-5.*^-324*I,0.9148395784372371+0.*I,0.8822622386463159-5.*^-324*I,-0.3606555093120709+0.*I,0.3793768702031996+1.*^-323*I,-0.08125198004480985-1.*^-323*I,-0.22939617464848752-1.*^-323*I,0.716516644178292+0.*I,1.2970020379962721-5.*^-324*I,0.8266765429484807-5.*^-324*I,0.16194577723148007-5.*^-324*I,0.13105344683753703+0.*I,0.35348738528308543+2.*^-323*I,-0.1310419981448905+2.*^-323*I,-0.4804278441256025+5.*^-324*I,-1.1176099739411987+5.*^-324*I,-0.7824296294924129+0.*I
0.3521633668779384-1.*^-323*I,0.4346494251811302+1.5*^-323*I,0.9362335121688454+0.*I,0.8376028893955252-1.5*^-323*I,-0.37704338786146063-5.*^-324*I,0.35934172626958966-1.*^-323*I,-0.0969801068808022-5.*^-324*I,-0.24326816495618006+0.*I,0.6980182320545368-1.5*^-323*I,1.2772011937201808+0.*I,0.7777482280083826-5.*^-324*I,0.13819046331563026-5.*^-324*I,0.12696528187445857-1.*^-323*I,0.32773105945418496-1.*^-323*I,-0.1534968778314194-1.*^-323*I,-0.4739683767733631-1.*^-323*I,-1.102748206171992-5.*^-324*I,-0.7610916634023521-5.*^-324*I
0.3161343845226529-5.*^-324*I,0.44739147864222106+0.*I,0.9572916408105951+5.*^-324*I,0.7868096648134606-5.*^-324*I,-0.4068577031177975-1.*^-323*I,0.3181224674329084-1.5*^-323*I,-0.12116446229607737+0.*I,-0.2634704420291941+0.*I,0.6713108493192403-5.*^-324*I,1.2522684276855904-5.*^-324*I,0.7041512697941057-5.*^-324*I,0.099674645940214-5.*^-324*I,0.12128433608793235+5.*^-324*I,0.2820143084647229-5.*^-324*I,-0.20769064412740967-1.5*^-323*I,-0.4866262598970301-5.*^-324*I,-1.0972947232569537-5.*^-324*I,-0.7373397845580014+1.*^-323*I
0.2627231210962522-5.*^-324*I,0.46944824734590823+1.*^-323*I,0.9748126415232278+5.*^-324*I,0.7351471346533733-5.*^-324*I,-0.4496496784556561+0.*I,0.26242693509336085-1.*^-323*I,-0.15683783599692222-5.*^-324*I,-0.2898282625667332-1.5*^-323*I,0.6410543850841769-1.*^-323*I,1.2244675761324555-1.*^-323*I,0.6007388040881624-1.5*^-323*I,0.04201614558180584-1.5*^-323*I,0.11714631408124908+0.*I,0.2235903628676595-1.*^-323*I,-0.2853658835310964-1.*^-323*I,-0.5168572898018104-5.*^-324*I,-1.1013099768414116+0.*I,-0.7103110866137271+0.*I
0.19294088887818894-1.5*^-323*I,0.49438449115158484+1.5*^-323*I,0.985798298576116-5.*^-324*I,0.6869761256949635+5.*^-324*I,-0.5038563013367567-1.5*^-323*I,0.19684181226211822-5.*^-324*I,-0.20518297390095486-2.*^-323*I,-0.32056138256184524-5.*^-324*I,0.6114917590135548-5.*^-324*I,1.1961056387557567-1.*^-323*I,0.4617173603888764-3.*^-323*I,-0.03677121980583855-3.*^-323*I,0.11798988489425334+0.*I,0.16128080503882286-1.5*^-323*I,-0.3748930203227341-2.*^-323*I,-0.5617879145300242-1.*^-323*I,-1.1132803800839823+0.*I,-0.678977498066609+0.*I
0.11331151294911168+2.5*^-323*I,0.5140472808978853-1.*^-323*I,0.9894108102002386+1.*^-323*I,0.64520785913178-5.*^-324*I,-0.564550571383767+3.*^-323*I,0.12326003285051804+1.*^-323*I,-0.26201860778837927+2.5*^-323*I,-0.34976762587076926+1.5*^-323*I,0.5862737549068657-5.*^-324*I,1.168481697731132+0.*I,0.28550692093609437+4.4*^-323*I,-0.13191381354220919+3.5*^-323*I,0.12726977583521892-5.*^-324*I,0.10559036391025182+1.*^-323*I,-0.4600924911341375+1.5*^-323*I,-0.6154121873320747+2.5*^-323*I,-1.1281973869332869+5.*^-324*I,-0.6421834294387877-5.*^-324*I
0.03720738314385027+5.*^-324*I,0.5198923260427991-5.*^-324*I,0.9895427971124497-5.*^-324*I,0.6102641362827415+0.*I,-0.6216894881858887-1.*^-323*I,0.042412182903722936+5.*^-324*I,-0.3163464556211392+0.*I,-0.3667567605963309+0.*I,0.5683521811793505+5.*^-324*I,1.1399622563753589+0.*I,0.08384938506240162+5.*^-324*I,-0.2298433349055272-5.*^-324*I,0.14758571899092485+0.*I,0.0671143991771014+0.*I,-0.5221746489178044+0.*I,-0.667488070215902+5.*^-324*I,-1.136847237798162+0.*I,-0.5991568202048556+0.*I
-0.019407533504634304+5.*^-324*I,0.506491427613733+1.*^-323*I,0.9940983192242441+5.*^-324*I,0.5801567480942673-5.*^-324*I,-0.6623908254685619+1.*^-323*I,-0.042808601521011555+5.*^-324*I,-0.35434748025775376+1.*^-323*I,-0.3607175933464018-1.*^-323*I,0.5597503664256899-5.*^-324*I,1.1060272758270413+5.*^-324*I,-0.11077548706652522-5.*^-324*I,-0.312358864712318+5.*^-324*I,0.17923393935985235-1.*^-323*I,0.05262393686937082-5.*^-324*I,-0.5474765650644817-5.*^-324*I,-0.7058318910444057+5.*^-324*I,-1.1301673473690645+0.*I,-0.5507548521073118-5.*^-324*I
-0.04708891567011683-1.5*^-323*I,0.4753263839765804+1.*^-323*I,1.0083741556579182-1.*^-323*I,0.552748286303553+5.*^-324*I,-0.6783400475740256-1.*^-323*I,-0.12545817814650892-1.5*^-323*I,-0.36816042354019346-1.5*^-323*I,-0.3293882381820761-5.*^-324*I,0.5607313399833079+0.*I,1.0644317329482673+5.*^-324*I,-0.2610397696629958-4.*^-323*I,-0.3669406229663177-2.*^-323*I,0.2190690439346533+5.*^-324*I,0.06103480232301873-5.*^-324*I,-0.5366139119284349-1.*^-323*I,-0.72277144532667-1.5*^-323*I,-1.1073234427707608-1.*^-323*I,-0.5005586490215469+0.*I
-0.04686277097293951+2.*^-323*I,0.4341003451918459-5.*^-324*I,1.0305949923755733+1.5*^-323*I,0.527773648419208+0.*I,-0.6701080935086691+3.*^-323*I,-0.197049796048158+3.5*^-323*I,-0.35934925887596053+2.5*^-323*I,-0.280674957664175+0.*I,0.5691473558461274-1.*^-323*I,1.019347745106512+0.*I,-0.3523125707071543+7.*^-323*I,-0.39194642712378064+4.*^-323*I,0.2614187256061995-1.*^-323*I,0.08424919675627414+0.*I,-0.5028560778487882+1.5*^-323*I,-0.7191021477066599+3.*^-323*I,-1.0759703811444363+1.*^-323*I,-0.453963932270359-1.*^-323*I
-0.02558088369271477+0.*I,0.3920756037319016+0.*I,1.0553989794892724+0.*I,0.5064739786762393+1.5*^-323*I,-0.6437196649720959+1.*^-323*I,-0.25119939995376445+1.*^-323*I,-0.33393156721691547+5.*^-324*I,-0.22547208072394156-5.*^-324*I,0.5813379217507454-1.5*^-323*I,0.9777236677172567-2.*^-323*I,-0.3918268916008989+2.*^-323*I,-0.3918322863152549+1.*^-323*I,0.3004426644883142+0.*I,0.1123177730705638-5.*^-324*I,-0.46143910080057277-5.*^-324*I,-0.7012077801878525-5.*^-324*I,-1.0448871462739235-5.*^-324*I,-0.4160428297111899-1.*^-323*I
0.00954793626104495-1.*^-323*I,0.3563411427219414+5.*^-324*I,1.078347059844238-5.*^-324*I,0.4903138530385216-2.*^-323*I,-0.6058478988889552-1.5*^-323*I,-0.28485575860910395-3.*^-323*I,-0.29739220025327295-1.*^-323*I,-0.171940146952836+1.*^-323*I,0.5938167274642699+1.*^-323*I,0.9443555202479625-1.*^-323*I,-0.3922605573349499-3.5*^-323*I,-0.3714412176343497-2.5*^-323*I,0.3317598541585737+5.*^-324*I,0.13760533707502673+0.*I,-0.4225367831628413-1.*^-323*I,-0.6760704968945002-1.*^-323*I,-1.0196567304810722-5.*^-324*I,-0.3903183185917859+5.*^-324*I
0.053343525124869104+2.5*^-323*I,0.33060939193421374-5.*^-324*I,1.097015927195412+1.*^-323*I,0.48026887123591094-1.*^-323*I,-0.56162747713431+2.5*^-323*I,-0.2977549631931103+3.5*^-323*I,-0.25324575186040515+2.5*^-323*I,-0.12444043399536052+1.*^-323*I,0.6043397129763514-5.*^-324*I,0.9211681903155199+5.*^-324*I,-0.36315359952521725+6.*^-323*I,-0.3339804742231532+4.*^-323*I,0.35284728320661224-1.*^-323*I,0.15612710205498873+0.*I,-0.39045940567402887+1.5*^-323*I,-0.6484062930793764+3.5*^-323*I,-1.002709281107432+1.*^-323*I,-0.3787061631493627-5.*^-324*I
0.10304020569120374-1.*^-323*I,0.31552407258034754+5.*^-324*I,1.1102545874090717+1.*^-323*I,0.4767488868316518-1.*^-323*I,-0.5142460844394926+0.*I,-0.2914438214281846-5.*^-324*I,-0.20331834928010603-5.*^-324*I,-0.08439063310460983+0.*I,0.612141884856336-1.*^-323*I,0.9086835287227213-2.*^-323*I,-0.3093856676571514+0.*I,-0.2810074838854432-1.*^-323*I,0.3627976290060285-5.*^-324*I,0.16720520661850627-5.*^-324*I,-0.36525214262753886-5.*^-324*I,-0.6200933069620861-5.*^-324*I,-0.9945226040539848+5.*^-324*I,-0.38191082639811125+1.*^-323*I
0.15794468558397776+0.*I,0.30938781275289207-5.*^-324*I,1.1173686290780178+5.*^-324*I,0.4798381991686624+5.*^-324*I,-0.4651356914032608+5.*^-324*I,-0.26841502789004645+5.*^-324*I,-0.1482468441267122-5.*^-324*I,-0.05120362388745585-5.*^-324*I,0.6177429024388651-1.*^-323*I,0.9071933854673205-5.*^-324*I,-0.23170297914665194-2.5*^-323*I,-0.21282709302036493-5.*^-324*I,0.36196077009347566+5.*^-324*I,0.17267584993292903+1.*^-323*I,-0.3442586112516752+5.*^-324*I,-0.5906796288029351-5.*^-324*I,-0.9944099796477629-5.*^-324*I,-0.3997379365771281-5.*^-324*I
0.2187999541512887-1.*^-323*I,0.3087714631066094-1.*^-323*I,1.1176570369327712+0.*I,0.489623815857758-1.*^-323*I,-0.4143808996589158+0.*I,-0.23153299767554245-1.*^-323*I,-0.0879207092628769+0.*I,-0.02294928840912311+0.*I,0.6226627205329666-5.*^-324*I,0.9171316439501908-2.5*^-323*I,-0.12779119582500625-1.5*^-323*I,-0.12902517341914005-5.*^-324*I,0.35173727472213945+5.*^-324*I,0.1762298578029932+5.*^-324*I,-0.32310036314306934+5.*^-324*I,-0.5581471418777514+5.*^-324*I,-1.0006702497625481+1.*^-323*I,-0.4310970945918915+0.*I
0.2868327549336+1.*^-323*I,0.30900160212727706-5.*^-324*I,1.1101785117375036+0.*I,0.5064654972211685+1.5*^-323*I,-0.3613404953919973+2.5*^-323*I,-0.18373205789499178+2.5*^-323*I,-0.022082312674573838+2.*^-323*I,0.003077955706830286+5.*^-324*I,0.6291634218909231-5.*^-324*I,0.9389468716472057+0.*I,0.0057999914103230655+5.*^-323*I,-0.029396144338339553+3.5*^-323*I,0.3345437828283442-1.*^-323*I,0.18288557802266103+5.*^-324*I,-0.2963728887609289+1.*^-323*I,-0.5197801856135672+1.*^-323*I,-1.0103820312531713+0.*I,-0.4737399011531581-1.5*^-323*I
0.3624063405848882+0.*I,0.30486558652412576+5.*^-324*I,1.093710006956639+1.*^-323*I,0.5310281644344599-1.5*^-323*I,-0.3054825937381085+1.*^-323*I,-0.12778773664058946-5.*^-324*I,0.048723184799823814+5.*^-324*I,0.029617057736837846+1.*^-323*I,0.6399272006765886-1.*^-323*I,0.972743985946067-2.*^-323*I,0.17027755398239153-4.*^-323*I,0.08454638649260879-5.*^-324*I,0.3137385648731892-1.*^-323*I,0.19820016677500235-5.*^-324*I,-0.2586373129573583+0.*I,-0.4732768023613082-5.*^-324*I,-1.0193374056561935-5.*^-324*I,-0.5240199117833034+0.*I
0.44346698439230675-5.*^-324*I,0.29192152472415756-1.5*^-323*I,1.0671550523050521-5.*^-324*I,0.5637790842481775+2.5*^-323*I,-0.24724474700684154+1.*^-323*I,-0.06600087019161878+1.5*^-323*I,0.12193569413494604+0.*I,0.0583917400757506-5.*^-324*I,0.6574413964431134-5.*^-324*I,1.0177192204653471+5.*^-324*I,0.359963640401645+4.*^-323*I,0.20767079223551876+1.5*^-323*I,0.2931392858272929+5.*^-324*I,0.22674397501712523+1.5*^-323*I,-0.2061538492359726+1.5*^-323*I,-0.4180633597879115+1.*^-323*I,-1.022719663950473+1.*^-323*I,-0.5771181263167648-1.5*^-323*I
0.5244336967602398+0.*I,0.2685094939791839+1.5*^-323*I,1.0307988965821264+5.*^-324*I,0.6037494337274669-3.*^-323*I,-0.18856114122522957-1.5*^-323*I,5.34032127777069*^-17-1.*^-323*I,0.19200440495122043+0.*I,0.08892583707113998-5.*^-324*I,0.6828422266917201+0.*I,1.071252450788213-2.*^-323*I,0.5587642531431379-3.5*^-323*I,0.3297966040877941-1.5*^-323*I,0.27581920404737714-5.*^-324*I,0.26974569330836506-2.*^-323*I,-0.13921668983029803-2.5*^-323*I,-0.35644427809649937-1.*^-323*I,-1.01698005636741+1.*^-323*I,-0.6281098269592476+1.*^-323*I
